{"J66deMCHmqwGNjvDkeunKw==":"mbr-1920x1280.jpg","I368HWIG59s3jPZ6AHPoDA==":"4fls-192x183.png","n45IG/YwKUC+QstcWP7ZKA==":"mbr-1-1920x1280.jpg","a3prGDKL+na6Xwgc0h91NQ==":"mbr-748x415.jpg","vJS9sj1q1FffrDSRbeN7tw==":"mbr-748x486.jpg","7ItjmXZ9PYzjVmY+Rui8hw==":"mbr-752x500.jpg","POVHNkM3y56xEO4MRf6ZzA==":"mbr-902x574.jpg","k6snTpX9TC5BSbG1t2wa7g==":"4fls-160x152.png","QT+TvI+azo3G69+iJ0z5CA==":"mbr-1332x629.png","diofvDuAwVkXHPKMhIZF4w==":"20729437_10155057630489403_4690640160519472906_n-669x669.jpg","V+qblQNCEZqdTNSq9bFW2g==":"mbr-1920x1151.jpg","W7V3I3Hs9J0T7KyDZWAJfQ==":"mbr-1920x707.png","qrBnK/qOZ5uu7R4VLzMc2w==":"mbr-1920x1182.jpg","sAM6n1m9Fkf/hp+g5Bbf2A==":"mbr-2-1920x1280.jpg","qSVQphy3hNq1JTnAiKX8aQ==":"mbr-1-1920x1182.jpg"}